-- users
INSERT INTO public.users (
    first_name, id, phone, address, last_name, email, 
    insurance_number, citizen_id, password, created_at, 
    updated_at, is_deleted, updated_by, deleted_at, avatar, 
    employee_id, status, manager_id
) VALUES 
('Nguyễn', '1b0e3029-422d-4c2c-b078-7596bd9edbf1', NULL, NULL, 'Hoàng', 'nemcabong@gmail.com', NULL, NULL, '$2b$15$5DFU0loB2VFt2Ganlmnwk.0h6WNx.4eK2ymxXDaCD.f6t9t6BltUW', '2024-05-16 10:01:06.692', NULL, false, NULL, NULL, 'https://lh3.googleusercontent.com/a/ACg8ocLR22gB3iOf0WtftyumREzQVIdQHxl60ppbj7gHLyThkeJA-A=s96-c', '0000', 'INTERN', NULL),
('Phương Anh', '4a02f31b-6581-4104-bcbe-2ec0afd1a646', NULL, NULL, 'Tô', 'anhtp1@vmogroup.com', NULL, NULL, '$2b$15$YAlqlwwEXOAQSTWAKID7GOi.Wdn00C.pGQljY5hH4aX9wQ3adgNHW', NULL, NULL, false, NULL, NULL, 'https://res.cloudinary.com/dqapw2cga/image/upload/v1716286156/avatars_vmo/avatar-1716286155143.webp', '2564', 'OFFICIAL', NULL),
('Hoàng', '21b6547f-c51f-4421-a6ba-5878872d4b37', NULL, 'Thành phố HCM', 'Nguyễn Minh', 'hoangnm2@vmogroup.com', '25072003', '1231441', '$2b$15$ReB5/30tBIvTDT2xkHBaCuCf34de15yNvRhws758NFTiAJXLhgb4S', NULL, NULL, false, NULL, NULL, 'https://res.cloudinary.com/dqapw2cga/image/upload/v1716286895/avatars_vmo/avatar-1716286894146.webp', '3272', 'INTERN', '5b75eb69-9b0a-48f4-bd70-917369b3075a'),
('Huy', '9ecebe0d-dd09-485a-bab3-4b49c8fb6743', NULL, NULL, 'Trịnh Khánh', 'huytk1@vmogroup.com', NULL, NULL, '$2b$15$ReB5/30tBIvTDT2xkHBaCuCf34de15yNvRhws758NFTiAJXLhgb4S', NULL, NULL, false, NULL, NULL, NULL, '2896', 'OFFICIAL', NULL),
('Tân', '78e2c13f-29e1-4b77-a68b-7d6fd23b415c', NULL, NULL, 'Phạm Minh', 'tanpm@vmogroup.com', NULL, NULL, '$2b$15$ReB5/30tBIvTDT2xkHBaCuCf34de15yNvRhws758NFTiAJXLhgb4S', NULL, NULL, false, NULL, NULL, NULL, '3000', 'INTERN', '5b75eb69-9b0a-48f4-bd70-917369b3075a'),
('Minh', '5b75eb69-9b0a-48f4-bd70-917369b3075a', NULL, NULL, 'Nguyễn Chính', 'minhnc@vmogroup.com', NULL, NULL, '$2b$15$YAlqlwwEXOAQSTWAKID7GOi.Wdn00C.pGQljY5hH4aX9wQ3adgNHW', NULL, NULL, false, NULL, NULL, NULL, '2908', 'OFFICIAL', NULL),
('Hải', '18ce6e80-4aae-476c-b6c1-7171249d2449', NULL, NULL, 'Hoàng Tuấn', 'haiht@vmogroup.com', NULL, NULL, '$2b$15$ReB5/30tBIvTDT2xkHBaCuCf34de15yNvRhws758NFTiAJXLhgb4S', NULL, NULL, false, NULL, NULL, NULL, '0001', 'OFFICIAL', NULL),
('Thu Hương', '716fac90-c382-4146-99ed-e585c6b213fe', NULL, NULL, 'Nguyễn Thị', 'huongntt@vmogroup.com', NULL, NULL, '$2b$15$qDvznBRMAIarc3N6sZOl5eAFuoxATYbgPfFMcgcEOvQ.E8lDhkZXi', NULL, NULL, false, NULL, NULL, NULL, '555', 'OFFICIAL', NULL);

-- roles
INSERT INTO public.roles (
    id, name, description, is_deleted
) VALUES 
('f47ac10b-58cc-4372-a567-0e02b2c3d479', 'Admin', 'Quản trị hệ thống', false),
('0c2e6c28-7d80-48c5-8c97-62f502e6158c', 'Director', 'Giám đốc', false),
('a2e5c84f-f25d-473e-85bc-29de07d47a9b', 'HR', 'Nhân sự', false),
('7d74c6d9-78b4-4a8e-a8e1-6b0c6a4ac3f5', 'Manager', 'Quản lý', false),
('d0099497-56a4-488a-8892-70bfc47a73b9', 'Employee', 'Nhân viên', false);

-- role_modules
INSERT INTO public.role_modules (
    id, role_id, api, is_can_read, is_can_add, is_can_edit, 
    is_can_delete, updated_at, is_deleted, deleted_at, 
    updated_by, is_can_approve
) VALUES 
('ee2e732a-b122-4d8d-8ace-12577ce0fc75', '0c2e6c28-7d80-48c5-8c97-62f502e6158c', '/users/:userId/delete', false, false, false, true, NULL, false, NULL, NULL, false),
('18bdb2a1-b7af-4990-99ca-85404929b726', '0c2e6c28-7d80-48c5-8c97-62f502e6158c', '/users/:userId/undelete', false, false, true, false, NULL, false, NULL, NULL, false),
('42c95729-9027-486b-98c8-6959912eb358', 'a2e5c84f-f25d-473e-85bc-29de07d47a9b', '/users/:userId/delete', false, false, false, true, NULL, false, NULL, NULL, false),
('d0348f2e-5560-47bf-aec9-b733b3bf87dc', 'a2e5c84f-f25d-473e-85bc-29de07d47a9b', '/users/:userId/undelete', false, false, true, false, NULL, false, NULL, NULL, false),
('10c684c3-8755-4745-8996-8b9b8228b2cd', '0c2e6c28-7d80-48c5-8c97-62f502e6158c', '/user-forms/:userFormId/delete', false, false, false, true, NULL, false, NULL, NULL, false),
('f99a2639-fe2b-4124-aab8-a2f0c6bfc711', '0c2e6c28-7d80-48c5-8c97-62f502e6158c', '/forms/:formId/undelete', false, false, true, false, NULL, false, NULL, NULL, false),
('e58de232-908b-4377-9836-f8798689400a', '0c2e6c28-7d80-48c5-8c97-62f502e6158c', '/forms/:formId/delete', false, false, false, true, NULL, false, NULL, NULL, false),
('c374d834-0934-4c82-ab4b-be8f22e15a79', 'a2e5c84f-f25d-473e-85bc-29de07d47a9b', '/user-forms/:userFormId/undelete', false, false, true, false, NULL, false, NULL, NULL, false),
('35fb03a1-2161-4afa-ab35-844c9d90eba8', 'd0099497-56a4-488a-8892-70bfc47a73b9', '/users/me', true, false, true, false, NULL, false, NULL, NULL, false),
('34d6e947-c335-4107-80d6-9d02275efb1e', 'd0099497-56a4-488a-8892-70bfc47a73b9', '/users/refresh-token', false, true, false, false, NULL, false, NULL, NULL, false),
('ab90045c-5480-4f4e-b614-336d15feda2b', 'd0099497-56a4-488a-8892-70bfc47a73b9', '/users/login', false, true, false, false, NULL, false, NULL, NULL, false),
('a7f985e2-933c-410e-94eb-a2bd744b89a8', 'd0099497-56a4-488a-8892-70bfc47a73b9', '/user-forms/:userFormId', true, true, true, false, NULL, false, NULL, NULL, false),
('0f7b82c0-119a-45a8-a62a-c8911aafa3bb', '7d74c6d9-78b4-4a8e-a8e1-6b0c6a4ac3f5', '/user-forms/:userFormId', true, true, true, false, NULL, false, NULL, NULL, false),
('864166cc-a227-410b-8a18-94778e9c7e75', '7d74c6d9-78b4-4a8e-a8e1-6b0c6a4ac3f5', '/user-forms', true, false, false, false, NULL, false, NULL, NULL, false),
('ac997a3d-0059-4a7a-919f-f9e311b75473', 'a2e5c84f-f25d-473e-85bc-29de07d47a9b', '/users', true, false, false, false, NULL, false, NULL, NULL, false),
('1358411c-954d-42d3-b6b6-bdbc60254d2b', 'a2e5c84f-f25d-473e-85bc-29de07d47a9b', '/user-forms/:userFormId', true, true, true, true, NULL, false, NULL, NULL, false),
('436b4fbb-f7a9-4b66-afcc-6277e1145127', 'a2e5c84f-f25d-473e-85bc-29de07d47a9b', '/reports/forms/:formId', true, false, false, false, NULL, false, NULL, NULL, false),
('fdf9a748-ca6c-4e80-98f2-4ad77ed7c642', '7d74c6d9-78b4-4a8e-a8e1-6b0c6a4ac3f5', '/users/me', true, false, true, false, NULL, false, NULL, NULL, false),
('f66a589d-9804-4233-a650-456bc4590fee', '7d74c6d9-78b4-4a8e-a8e1-6b0c6a4ac3f5', '/users/refresh-token', false, true, false, false, NULL, false, NULL, NULL, false),
('5df23356-9911-4e18-8faf-1c970139fe6b', '7d74c6d9-78b4-4a8e-a8e1-6b0c6a4ac3f5', '/users/login', false, true, false, false, NULL, false, NULL, NULL, false),
('45380b38-8524-4a9c-93b9-0bd3ea0a284d', 'a2e5c84f-f25d-473e-85bc-29de07d47a9b', '/users/me', true, false, true, false, NULL, false, NULL, NULL, false),
('2f0e653b-c0d9-4e5b-89bc-920cf15daa04', 'a2e5c84f-f25d-473e-85bc-29de07d47a9b', '/users/refresh-token', false, true, false, false, NULL, false, NULL, NULL, false),
('0f840584-517b-448d-b76b-39cd96775a7c', 'a2e5c84f-f25d-473e-85bc-29de07d47a9b', '/users/login', false, true, false, false, NULL, false, NULL, NULL, false),
('da2183c8-1ad8-4238-bdc5-e983649e807e', '7d74c6d9-78b4-4a8e-a8e1-6b0c6a4ac3f5', '/user-forms/:userFormId/approve', false, false, true, false, NULL, false, NULL, NULL, false),
('1f1f1ef5-5b3f-4e11-b14d-32ee31a95ab9', '7d74c6d9-78b4-4a8e-a8e1-6b0c6a4ac3f5', '/user-forms/:userFormId/reject', false, false, true, false, NULL, false, NULL, NULL, false),
('157ff1da-ff6e-45c8-a01a-c7283372cd3c', '0c2e6c28-7d80-48c5-8c97-62f502e6158c', '/users', true, false, false, false, NULL, false, NULL, NULL, false),
('844883ed-1296-4f20-8bce-a25859b68361', '0c2e6c28-7d80-48c5-8c97-62f502e6158c', '/user-forms/:userFormId', true, false, true, true, NULL, false, NULL, NULL, true),
('2985f86a-0aca-423c-91e9-7493b213f56b', '0c2e6c28-7d80-48c5-8c97-62f502e6158c', '/reports/forms/:formId', true, false, false, false, NULL, false, NULL, NULL, false),
('5bb14b62-178c-4129-adb0-0ee686233a43', '0c2e6c28-7d80-48c5-8c97-62f502e6158c', '/users/me', true, false, true, false, NULL, false, NULL, NULL, false),
('2cbb9767-e8a6-443c-bed1-648741f14faf', '0c2e6c28-7d80-48c5-8c97-62f502e6158c', '/users/refresh-token', false, true, false, false, NULL, false, NULL, NULL, false),
('8fd5e45b-6cd0-45db-bf16-6470f4b6f31f', '0c2e6c28-7d80-48c5-8c97-62f502e6158c', '/users/login', false, true, false, false, NULL, false, NULL, NULL, false),
('f43e79c0-08ad-4249-9427-37ba228391a6', '0c2e6c28-7d80-48c5-8c97-62f502e6158c', '/user-forms', true, false, false, false, NULL, false, NULL, NULL, false),
('cc9b5bbd-0117-440d-8043-c543179dbb99', '0c2e6c28-7d80-48c5-8c97-62f502e6158c', '/users/change-password', false, false, true, false, NULL, false, NULL, NULL, false),
('c069a001-dbd2-4da6-81f2-f40bc730ad69', 'a2e5c84f-f25d-473e-85bc-29de07d47a9b', '/users/change-password', false, false, true, false, NULL, false, NULL, NULL, false),
('69162561-80c7-4020-9dcc-555ed42e6bdc', 'd0099497-56a4-488a-8892-70bfc47a73b9', '/users/change-password', false, false, true, false, NULL, false, NULL, NULL, false),
('9675b26e-3005-4314-ae81-ed21d3a01159', '7d74c6d9-78b4-4a8e-a8e1-6b0c6a4ac3f5', '/users/change-password', false, false, true, false, NULL, false, NULL, NULL, false),
('7de0ced8-dda0-4b9a-a55b-3551a89ebe6d', 'a2e5c84f-f25d-473e-85bc-29de07d47a9b', '/user-forms', true, false, false, false, NULL, false, NULL, NULL, false),
('9b71d58a-eb1a-4fd6-833a-311bc89e6a4e', '0c2e6c28-7d80-48c5-8c97-62f502e6158c', '/users/:userId/update-status', false, false, true, false, NULL, false, NULL, NULL, false),
('d2fce04a-094f-4f8d-89a4-16346001eefb', 'a2e5c84f-f25d-473e-85bc-29de07d47a9b', '/users/:userId/update-status', false, false, true, false, NULL, false, NULL, NULL, false),
('abff310f-d2a8-4e93-aabe-d6996237a7f5', 'a2e5c84f-f25d-473e-85bc-29de07d47a9b', '/user-forms/:userFormId/delete', false, false, false, true, NULL, false, NULL, NULL, false),
('6bcbb892-0399-4be9-91b1-e4009cd34f48', '0c2e6c28-7d80-48c5-8c97-62f502e6158c', '/user-forms/:userFormId/undelete', false, false, true, false, NULL, false, NULL, NULL, false),
('fd130efd-25c6-48ce-be06-56f4e616fdde', 'a2e5c84f-f25d-473e-85bc-29de07d47a9b', '/users/:userId', true, true, true, true, NULL, false, NULL, NULL, false),
('c4d47e48-1eb5-4834-8217-9d34cc250228', '0c2e6c28-7d80-48c5-8c97-62f502e6158c', '/users/:userId', true, true, true, true, NULL, false, NULL, NULL, false),
('5e361d23-7ba8-4367-9d47-94013a46f181', 'a2e5c84f-f25d-473e-85bc-29de07d47a9b', '/forms/:formId/delete', false, false, false, true, NULL, false, NULL, NULL, false),
('6fd5a85c-36d5-4cf8-b84e-90a52d3c923f', 'a2e5c84f-f25d-473e-85bc-29de07d47a9b', '/forms/:formId/undelete', false, false, true, false, NULL, false, NULL, NULL, false),
('df698d8a-6c28-4baf-bfca-67db0e63fa37', 'a2e5c84f-f25d-473e-85bc-29de07d47a9b', '/users/me/avatar', false, false, true, false, NULL, false, NULL, NULL, false),
('57c4d026-3551-4a87-8826-b36859d335bc', '0c2e6c28-7d80-48c5-8c97-62f502e6158c', '/users/me/avatar', false, false, true, false, NULL, false, NULL, NULL, false),
('4baeae87-08d3-46dc-9937-43ec56507de0', '7d74c6d9-78b4-4a8e-a8e1-6b0c6a4ac3f5', '/users/me/avatar', false, false, true, false, NULL, false, NULL, NULL, false),
('1d2105f0-52cb-4443-8106-9b92c62c5fff', 'd0099497-56a4-488a-8892-70bfc47a73b9', '/users/me/avatar', false, false, true, false, NULL, false, NULL, NULL, false),
('c0040d84-15e5-4a41-b605-01989e0b61e6', '7d74c6d9-78b4-4a8e-a8e1-6b0c6a4ac3f5', '/users/:userId', true, false, false, false, NULL, false, NULL, NULL, false),
('0913144c-dce8-402e-8075-70e871e027bf', 'a2e5c84f-f25d-473e-85bc-29de07d47a9b', '/user-forms/:userFormId/close', false, false, true, false, NULL, false, NULL, NULL, false),
('02efd650-1314-4c02-83d4-d4fbe3bfae56', '0c2e6c28-7d80-48c5-8c97-62f502e6158c', '/user-forms/:userFormId/approve', false, false, true, false, NULL, false, NULL, NULL, false),
('28610308-fd9a-49b7-90b8-a064f4392819', '0c2e6c28-7d80-48c5-8c97-62f502e6158c', '/user-forms/:userFormId/reject', false, false, true, false, NULL, false, NULL, NULL, false),
('f1156e91-521f-4e4a-a303-5cbec1fa8ed8', '0c2e6c28-7d80-48c5-8c97-62f502e6158c', '/user-forms/:userFormId/close', false, false, true, false, NULL, false, NULL, NULL, false),
('37269109-7caf-4e71-a86d-a0ce49a84efb', '0c2e6c28-7d80-48c5-8c97-62f502e6158c', '/forms', true, true, false, false, null, false, null, null, false),
('061b245d-fe52-43fd-a1e4-de4a20086144', 'a2e5c84f-f25d-473e-85bc-29de07d47a9b' , '/forms', true, true, false, false, null, false, null, null, false),
('8addd10f-0ecb-4fd4-aac5-c8dd924dbcb2', '0c2e6c28-7d80-48c5-8c97-62f502e6158c', '/forms/:formId', true, false, true, false, null, false, null, null, false),
('953cfc7e-a0c0-4e30-83df-2a97d8807b2a', 'a2e5c84f-f25d-473e-85bc-29de07d47a9b' , '/forms/:formId', true, false, true, false, null, false, null, null, false),
('f9108f5c-d869-4c0e-ac64-09f2249e7074', 'd0099497-56a4-488a-8892-70bfc47a73b9', '/users/:userId', true, false, false, false,  NULL, false, NULL, NULL, false),
('33b7e116-cfdf-4aaa-afdc-8c7c265e1bf5', 'd0099497-56a4-488a-8892-70bfc47a73b9', '/user-forms', true, false, false, false, NULL, false, NULL, NULL, false),
('31d78197-d284-4449-a1fa-1fff1fcdb829', 'a2e5c84f-f25d-473e-85bc-29de07d47a9b', '/user-roles', false, true, false, false, NULL, false, NULL, NULL, false),
('1cb59aae-025d-4847-afd7-3a7d0d25279a', '0c2e6c28-7d80-48c5-8c97-62f502e6158c', '/user-roles', false, true, false, false, NULL, false, NULL, NULL, false),
('23ef2414-a88f-4443-b740-f65b9bf7efa4', 'a2e5c84f-f25d-473e-85bc-29de07d47a9b', '/user-roles/:userRoleId/delete', false, false, false, true, NULL, false, NULL, NULL, false),
('025732c0-365c-4b95-a6bb-8efaa38b5880', '0c2e6c28-7d80-48c5-8c97-62f502e6158c', '/user-roles/:userRoleId/delete', false, false, false, true, NULL, false, NULL, NULL, false),
('039e2ebf-e72d-4d4c-89de-a2d8119b5651', 'a2e5c84f-f25d-473e-85bc-29de07d47a9b', '/user-roles/:userRoleId/undelete', false, false, true, false, NULL, false, NULL, NULL, false),
('4d790df3-1a19-49f7-bcf6-b51f4fc72cda', '0c2e6c28-7d80-48c5-8c97-62f502e6158c', '/user-roles/:userRoleId/undelete', false, false, true, false, NULL, false, NULL, NULL, false),
('2a8b3b8e-4635-4916-9724-88a55e8b315f', 'a2e5c84f-f25d-473e-85bc-29de07d47a9b', '/users/:userId/user-roles', true, false, false, false, NULL, false, NULL, NULL, false),
('3c0bce76-0b08-49e7-9082-2433fc6219de', '0c2e6c28-7d80-48c5-8c97-62f502e6158c', '/users/:userId/user-roles', true, false, false, false, NULL, false, NULL, NULL, false),
('14119d92-3bac-4692-988f-8fff1cbc52b1', 'a2e5c84f-f25d-473e-85bc-29de07d47a9b', '/users/user-roles', true, false, false, false, NULL, false, NULL, NULL, false),
('d93408ea-91d9-4de2-8341-fea7250b4211', '0c2e6c28-7d80-48c5-8c97-62f502e6158c', '/users/user-roles', true, false, false, false, NULL, false, NULL, NULL, false),
('c6fc6404-feb2-49e9-97bf-9a9a058ce6fc', 'a2e5c84f-f25d-473e-85bc-29de07d47a9b', '/user-forms/assign', false, true, false, false, NULL, false, NULL, NULL, false),
('7c9da611-cc32-447f-abd4-3d9e62fb4497', '0c2e6c28-7d80-48c5-8c97-62f502e6158c', '/user-forms/assign', false, true, false, false, NULL, false, NULL, NULL, false),
('975f932a-0306-443c-88f1-e4e194637dd7', 'a2e5c84f-f25d-473e-85bc-29de07d47a9b', '/roles', true, false, false, false, NULL, false, NULL, NULL, false),
('de59e27d-4190-4dd9-8333-807ac56d2d45', '0c2e6c28-7d80-48c5-8c97-62f502e6158c', '/roles', true, false, false, false, NULL, false, NULL, NULL, false),
('e6f7c39c-2f46-4b79-b703-5e7249f46037', 'a2e5c84f-f25d-473e-85bc-29de07d47a9b', '/roles/:roleId', true, false, false, false, NULL, false, NULL, NULL, false),
('9145248b-8a89-4c83-8dba-21e2eaf99279', '0c2e6c28-7d80-48c5-8c97-62f502e6158c', '/roles/:roleId', true, false, false, false, NULL, false, NULL, NULL, false),
('1b830892-7e0d-4ee6-823b-70b705e59144', 'a2e5c84f-f25d-473e-85bc-29de07d47a9b', '/roles/:roleId/role-modules', false, true, true, false, NULL, false, NULL, NULL, false),
('ad8b9b3a-d5cd-4cea-a568-8c0aa673f317', '0c2e6c28-7d80-48c5-8c97-62f502e6158c', '/roles/:roleId/role-modules', false, true, true, false, NULL, false, NULL, NULL, false),
('81cbe6c9-4045-427c-9292-2b7791b2e583', 'a2e5c84f-f25d-473e-85bc-29de07d47a9b', '/role-modules/:roleModuleId/delete', false, false, false, true, NULL, false, NULL, NULL, false),
('126fb59d-60f3-45a9-a0dc-da0ed3dc5953', '0c2e6c28-7d80-48c5-8c97-62f502e6158c', '/role-modules/:roleModuleId/delete', false, false, false, true, NULL, false, NULL, NULL, false),
('d2cfd840-a3ce-4f03-b8b0-0a1c777a5387', 'a2e5c84f-f25d-473e-85bc-29de07d47a9b', '/role-modules/:roleModuleId/undelete', false, false, true, false, NULL, false, NULL, NULL, false),
('bee42d93-4622-48ff-9848-fe8e0ff7dae0', '0c2e6c28-7d80-48c5-8c97-62f502e6158c', '/role-modules/:roleModuleId/undelete', false, false, true, false, NULL, false, NULL, NULL, false);


-- user_roles;
INSERT INTO public.user_roles (
    id, user_id, role_id, is_deleted, deleted_at
) VALUES 
('1917d2db-c9fe-42db-b465-df2e485bd6ad', '21b6547f-c51f-4421-a6ba-5878872d4b37', 'd0099497-56a4-488a-8892-70bfc47a73b9', false, NULL),
('38daa9be-2892-4c72-911d-5fd717b6e148', '4a02f31b-6581-4104-bcbe-2ec0afd1a646', 'a2e5c84f-f25d-473e-85bc-29de07d47a9b', false, NULL),
('58777267-15e2-4d71-a62a-510a7bd36d6c', '5b75eb69-9b0a-48f4-bd70-917369b3075a', '7d74c6d9-78b4-4a8e-a8e1-6b0c6a4ac3f5', false, NULL),
('21953eb7-6aab-4fc6-9f42-aa5d8fa25459', '9ecebe0d-dd09-485a-bab3-4b49c8fb6743', '7d74c6d9-78b4-4a8e-a8e1-6b0c6a4ac3f5', false, NULL),
('b3f60823-c930-4fcc-8545-63773b0aa8b0', '78e2c13f-29e1-4b77-a68b-7d6fd23b415c', 'd0099497-56a4-488a-8892-70bfc47a73b9', false, NULL),
('d652f232-c591-4d74-a84e-2fa3c1f5eeae', '4a02f31b-6581-4104-bcbe-2ec0afd1a646', 'd0099497-56a4-488a-8892-70bfc47a73b9', false, NULL),
('fe716070-e23f-4854-a14b-92bb1073303b', '5b75eb69-9b0a-48f4-bd70-917369b3075a', 'd0099497-56a4-488a-8892-70bfc47a73b9', false, NULL),
('b24e82df-5810-438d-9aa9-0105798bfaa2', '9ecebe0d-dd09-485a-bab3-4b49c8fb6743', 'd0099497-56a4-488a-8892-70bfc47a73b9', false, NULL),
('469e8ad0-c1f8-43ff-83dd-6f21e9f6979a', '18ce6e80-4aae-476c-b6c1-7171249d2449', 'd0099497-56a4-488a-8892-70bfc47a73b9', false, NULL),
('b8f08925-df24-4f3f-a240-ad152a39ac66', '18ce6e80-4aae-476c-b6c1-7171249d2449', '0c2e6c28-7d80-48c5-8c97-62f502e6158c', false, NULL),
('8b3cc37d-4e82-48d3-8eff-6424915e233f', '18ce6e80-4aae-476c-b6c1-7171249d2449', 'f47ac10b-58cc-4372-a567-0e02b2c3d479', false, NULL),
('e50607ab-3370-44bc-a9e7-c582f1ca87dd', '716fac90-c382-4146-99ed-e585c6b213fe', 'd0099497-56a4-488a-8892-70bfc47a73b9', false, NULL),
('6cf10948-59a5-47c8-a41b-055f8ed8de7b', '716fac90-c382-4146-99ed-e585c6b213fe', '0c2e6c28-7d80-48c5-8c97-62f502e6158c', false, NULL),
('23f5d4db-108d-408f-8942-e83ad27827b8', '18ce6e80-4aae-476c-b6c1-7171249d2449', '0c2e6c28-7d80-48c5-8c97-62f502e6158c', false, NULL),
('a801b186-5233-492d-a7d1-953f96af7f1b', '1b0e3029-422d-4c2c-b078-7596bd9edbf1', 'd0099497-56a4-488a-8892-70bfc47a73b9', false, NULL);

